INSERT INTO `collection` (`id`, `title`, `type`, `created_at`)
VALUES ('686791f5-9137-4047-a433-e71e76469dee', 'bbnn', '쇼핑백', '2021-12-31 00:00:01'),
       ('3f00aee1-6593-4cb7-abdc-a497b4561486', '감사QT', '쇼핑백', '2021-12-31 00:00:01'),
       ('d9c271b4-bd44-40d8-b01d-e743fb5266a4', '기아', '쇼핑백', '2021-12-31 00:00:01'),
       ('10c12cb5-4ec8-4588-a1a0-0121e3b47ec2', '라물', '쇼핑백', '2021-12-31 00:00:01'),
       ('7a4c9f50-ef26-4fe2-a28d-0c6568f32bd0', '루딥', '쇼핑백', '2021-12-31 00:00:01'),
       ('3dfeeac7-0ce2-4dc4-8ff7-f522b9ef5e30', '몽그레', '쇼핑백', NOW()),
       ('5cbb88f0-8afd-4c97-b571-0440013012c5', '발리또', '쇼핑백', '2021-12-31 00:00:01'),
       ('eca00bdc-0f3c-42d2-a6d0-f8641deaa9c3', '손보다', '쇼핑백', '2021-12-31 00:00:01'),
       ('a379bde4-f1be-4f36-ba2d-8c2b4d85ad03', '손잡이쇼핑백', '쇼핑백', '2021-12-31 00:00:01'),
       ('0d4df03a-6be5-44cd-8ee3-2234ca14cd1a', '크라프트지', '쇼핑백', '2021-12-31 00:00:01'),
       ('07e31a4b-c684-44bb-b5be-5588c0107757', '투데이', '쇼핑백', '2021-12-31 00:00:01'),
       ('b38b72f6-bd30-4ab7-94f9-7dc60bffefd5', '폰테', '쇼핑백', '2021-12-31 00:00:01');

INSERT INTO `file` (`id`, `target`, `target_id`, `type`, `sort_order`)
VALUES ('e7f56b75-a24c-4b20-b28e-7ba3c2d40f1c', 0, '686791f5-9137-4047-a433-e71e76469dee', 'png',
        0),
       ('01c33744-c9d1-4324-a202-6643974a697b', 0, '686791f5-9137-4047-a433-e71e76469dee', 'png',
        1),
       ('fc56ea7c-5929-4f29-8071-cce91ada77df', 0, '686791f5-9137-4047-a433-e71e76469dee', 'png',
        2),
       ('744c8f9a-76e9-4450-b89d-130e15cfcca8', 0, '3f00aee1-6593-4cb7-abdc-a497b4561486', 'png',
        0),
       ('df3ace35-58f7-4a85-b5fa-2063bdb32658', 0, '3f00aee1-6593-4cb7-abdc-a497b4561486', 'png',
        1),
       ('e7c653a7-daa0-482a-a393-9941cf44bf18', 0, '3f00aee1-6593-4cb7-abdc-a497b4561486', 'png',
        2),
       ('39d7c7c7-015c-42b9-9c15-a7f7bb1140dc', 0, 'd9c271b4-bd44-40d8-b01d-e743fb5266a4', 'png',
        0),
       ('5c6bf318-060d-4ae9-acb4-a4806f923558', 0, 'd9c271b4-bd44-40d8-b01d-e743fb5266a4', 'png',
        1),
       ('f670a39a-5ec7-45f5-8083-b22d276ebe79', 0, 'd9c271b4-bd44-40d8-b01d-e743fb5266a4', 'png',
        2),
       ('66da615b-74e0-4910-8d9d-7e7d01b01276', 0, '10c12cb5-4ec8-4588-a1a0-0121e3b47ec2', 'png',
        0),
       ('1045ea96-020c-4d42-86dd-3ed4d5eb3b14', 0, '10c12cb5-4ec8-4588-a1a0-0121e3b47ec2', 'png',
        1),
       ('0410593c-7736-4a91-a171-c2c8574406f7', 0, '10c12cb5-4ec8-4588-a1a0-0121e3b47ec2', 'png',
        2),
       ('b413a51c-98d6-469f-ab25-d0dff4356e2a', 0, '10c12cb5-4ec8-4588-a1a0-0121e3b47ec2', 'png',
        3),
       ('a0ef8b74-96d9-42d4-b6de-b7b78b8b0416', 0, '7a4c9f50-ef26-4fe2-a28d-0c6568f32bd0', 'png',
        0),
       ('abaa8879-6ed0-4d73-9f31-ec70e8d402ab', 0, '7a4c9f50-ef26-4fe2-a28d-0c6568f32bd0', 'png',
        1),
       ('4bcd466b-0475-49c8-92ed-95b14a3a9a5f', 0, '7a4c9f50-ef26-4fe2-a28d-0c6568f32bd0',
        'jpeg', 2),
       ('48729d62-2049-4199-a727-09d08e692eff', 0, '7a4c9f50-ef26-4fe2-a28d-0c6568f32bd0',
        'jpeg', 3),
       ('0673c8cc-8e2a-4a2a-83d8-044c508cd6b5', 0, '7a4c9f50-ef26-4fe2-a28d-0c6568f32bd0',
        'jpeg', 4),
       ('65d55486-a5aa-49b6-adb0-059a335b7e03', 0, '7a4c9f50-ef26-4fe2-a28d-0c6568f32bd0', 'png',
        5),
       ('2fe832eb-b2ae-4fd0-bb5f-df9ca56b3303', 0, '3dfeeac7-0ce2-4dc4-8ff7-f522b9ef5e30', 'png',
        0),
       ('2476d214-2a88-4d32-a383-1e68019068d7', 0, '3dfeeac7-0ce2-4dc4-8ff7-f522b9ef5e30', 'png',
        1),
       ('bb0fca8d-2ab6-46ec-8670-6bd8f99fb195', 0, '3dfeeac7-0ce2-4dc4-8ff7-f522b9ef5e30', 'png',
        2),
       ('b2852405-984d-4ef8-903e-8f94a2245084', 0, '5cbb88f0-8afd-4c97-b571-0440013012c5', 'png',
        0),
       ('c449d8bf-0181-412f-b834-a762b84d19e4', 0, '5cbb88f0-8afd-4c97-b571-0440013012c5', 'png',
        1),
       ('cfab53c2-29b6-4bf2-b617-c5d944d7fd6e', 0, '5cbb88f0-8afd-4c97-b571-0440013012c5',
        'jpeg', 2),
       ('532aaa6e-88fb-4afd-9078-250c5fc46a25', 0, '5cbb88f0-8afd-4c97-b571-0440013012c5',
        'jpeg', 3),
       ('1a8088ee-2f54-4c47-afb7-a69231dfe5fb', 0, '5cbb88f0-8afd-4c97-b571-0440013012c5', 'jpg',
        4),
       ('4d6f2026-26a8-4a57-8363-441c0b1674f5', 0, '5cbb88f0-8afd-4c97-b571-0440013012c5',
        'jpeg', 5),
       ('afaceb65-e098-4dea-81dc-2e2e28dc0c0b', 0, '5cbb88f0-8afd-4c97-b571-0440013012c5', 'png',
        6),
       ('9571d703-8e52-46c3-8bb6-2a91ec0f30ec', 0, 'eca00bdc-0f3c-42d2-a6d0-f8641deaa9c3', 'png',
        0),
       ('a5c0ef66-d77d-463b-8d08-dc7044d3713b', 0, 'eca00bdc-0f3c-42d2-a6d0-f8641deaa9c3', 'png',
        1),
       ('c7a9150b-9128-4dee-92c0-93723fd45793', 0, 'eca00bdc-0f3c-42d2-a6d0-f8641deaa9c3', 'png',
        2),
       ('bcc648ae-b4c8-463a-be17-5bc39dd495ff', 0, 'a379bde4-f1be-4f36-ba2d-8c2b4d85ad03', 'png',
        0),
       ('a584e8ca-534c-4f36-ba37-e4573b1d2289', 0, 'a379bde4-f1be-4f36-ba2d-8c2b4d85ad03', 'png',
        1),
       ('773fca17-6c70-4da7-96a9-3556237592d9', 0, 'a379bde4-f1be-4f36-ba2d-8c2b4d85ad03', 'png',
        2),
       ('ef4d34fe-fbd7-4e1b-a129-839aa8283c9d', 0, '0d4df03a-6be5-44cd-8ee3-2234ca14cd1a', 'png',
        0),
       ('124e0a40-7674-4b54-95c4-0276b5d482bb', 0, '0d4df03a-6be5-44cd-8ee3-2234ca14cd1a', 'png',
        1),
       ('0f588cd0-556a-4517-85ef-828389297dd3', 0, '0d4df03a-6be5-44cd-8ee3-2234ca14cd1a', 'png',
        2),
       ('f793fbb2-9991-4d92-b305-616dcb4200b8', 0, '07e31a4b-c684-44bb-b5be-5588c0107757', 'png',
        0),
       ('3a95733a-82e3-4ee4-91eb-d224b72f00d5', 0, '07e31a4b-c684-44bb-b5be-5588c0107757', 'png',
        1),
       ('2a0b29f5-a803-4d9a-90ca-db1c72f17b24', 0, '07e31a4b-c684-44bb-b5be-5588c0107757', 'png',
        2),
       ('ccf37764-ba55-4253-9db5-d9842f7d5e93', 0, 'b38b72f6-bd30-4ab7-94f9-7dc60bffefd5', 'png',
        0),
       ('14c50735-b0ae-413b-81a0-f9524a887c50', 0, 'b38b72f6-bd30-4ab7-94f9-7dc60bffefd5', 'png',
        1),
       ('e3b35003-d964-4dbe-94d7-652a89b800b3', 0, 'b38b72f6-bd30-4ab7-94f9-7dc60bffefd5', 'png',
        2);

INSERT INTO `file` (`id`, `target`, `target_id`, `type`, `sort_order`)
VALUES ('00000001-abab-bbbb-bbbb-01010101aabb', 1, 'bbbb0001-bbbb-bbbb-bbbb-aaaaaa000001', 'png',
        0),
       ('00000002-abab-bbbb-bbbb-01010101aabb', 1, 'bbbb0001-bbbb-bbbb-bbbb-aaaaaa000002', 'png',
        0);


INSERT INTO `blog` (`id`, `title`, `created_at`)
VALUES ('bbbb0001-bbbb-bbbb-bbbb-aaaaaa000001', '테스트 블로그', NOW());

INSERT INTO `blog` (`id`, `title`, `created_at`)
VALUES ('bbbb0001-bbbb-bbbb-bbbb-aaaaaa000002', '테스트 블로그', NOW());

